{"minzoom":0,"maxzoom":8,"center":[85.078125,27.681753,8.0],"bounds":[80.051453,26.347481,88.204285,30.447157]}