{"minzoom":0,"maxzoom":9,"center":[85.429687,27.371327,9.0],"bounds":[80.051453,26.347481,88.204285,30.447157]}